[
  {
    "id": "39d9d345-b16d-4a77-8309-c7502e92fd0a",
    "data": [
      {
        "text": "holaaaa",
        "userDefined": false
      }
    ],
    "isTemplate": false,
    "count": 0,
    "updated": 0
  },
  {
    "id": "101dc1f4-2c7c-4868-ba83-e9990a90e224",
    "data": [
      {
        "text": "holaaa",
        "userDefined": false
      }
    ],
    "isTemplate": false,
    "count": 0,
    "updated": 0
  },
  {
    "id": "c54586dd-95e5-4580-b760-5054599c8ab4",
    "data": [
      {
        "text": "holi",
        "userDefined": false
      }
    ],
    "isTemplate": false,
    "count": 1,
    "updated": 0
  },
  {
    "id": "81abc602-e043-4277-b959-bb568e158f24",
    "data": [
      {
        "text": "que tal",
        "userDefined": false
      }
    ],
    "isTemplate": false,
    "count": 0,
    "updated": 0
  },
  {
    "id": "3fa3d243-f7cd-4218-be4c-569ceffdfaf1",
    "data": [
      {
        "text": "hola",
        "userDefined": false
      }
    ],
    "isTemplate": false,
    "count": 0,
    "updated": 0
  },
  {
    "id": "8fff72b1-47a4-4e4e-ac05-65a07e93d9b6",
    "data": [
      {
        "text": "hey",
        "userDefined": false
      }
    ],
    "isTemplate": false,
    "count": 0,
    "updated": 0
  },
  {
    "id": "7fa65bad-2233-4bb9-977e-fb6e029a21e0",
    "data": [
      {
        "text": "saludos",
        "userDefined": false
      }
    ],
    "isTemplate": false,
    "count": 0,
    "updated": 0
  },
  {
    "id": "43d70ceb-308f-44a7-a0e3-4b30de36e43b",
    "data": [
      {
        "text": "hey ho",
        "userDefined": false
      }
    ],
    "isTemplate": false,
    "count": 0,
    "updated": 0
  },
  {
    "id": "7c172270-f7cc-4716-bd8c-4c82d6c99c48",
    "data": [
      {
        "text": "chao",
        "userDefined": false
      }
    ],
    "isTemplate": false,
    "count": 0,
    "updated": 0
  }
]