[
  {
    "id": "a4f17713-5dfc-4d6c-a54c-b6ddd39157c8",
    "data": [
      {
        "text": "25",
        "alias": "edad",
        "meta": "@sys.number",
        "userDefined": false
      }
    ],
    "isTemplate": false,
    "count": 0,
    "updated": 0
  },
  {
    "id": "24221d6a-66a7-4b6e-aa98-2c623a02c3ab",
    "data": [
      {
        "text": "Cumplí ",
        "userDefined": false
      },
      {
        "text": "18",
        "alias": "edad",
        "meta": "@sys.number",
        "userDefined": true
      },
      {
        "text": " años",
        "userDefined": false
      }
    ],
    "isTemplate": false,
    "count": 0,
    "updated": 0
  },
  {
    "id": "d8b84dd5-fab7-42ab-a2c8-e78afe68d50d",
    "data": [
      {
        "text": "16",
        "alias": "edad",
        "meta": "@sys.number",
        "userDefined": true
      },
      {
        "text": " años",
        "userDefined": false
      }
    ],
    "isTemplate": false,
    "count": 0,
    "updated": 0
  },
  {
    "id": "91dbee26-2adc-434a-b2bf-ea2c86c68a76",
    "data": [
      {
        "text": "Tengo ",
        "userDefined": false
      },
      {
        "text": "18",
        "alias": "edad",
        "meta": "@sys.number",
        "userDefined": true
      },
      {
        "text": " años",
        "userDefined": false
      }
    ],
    "isTemplate": false,
    "count": 0,
    "updated": 0
  },
  {
    "id": "f26d99b2-8f5b-48b3-b7d8-2e12f6ce6f20",
    "data": [
      {
        "text": "Mi edad es de ",
        "userDefined": false
      },
      {
        "text": "17",
        "alias": "edad",
        "meta": "@sys.number",
        "userDefined": true
      },
      {
        "text": " años",
        "userDefined": false
      }
    ],
    "isTemplate": false,
    "count": 0,
    "updated": 0
  }
]