[
  {
    "id": "90a0ec3e-86ef-4c03-8278-265098fb28b9",
    "data": [
      {
        "text": "inciso ",
        "userDefined": false
      },
      {
        "text": "c",
        "alias": "respuesta36",
        "meta": "@sys.any",
        "userDefined": true
      }
    ],
    "isTemplate": false,
    "count": 0,
    "updated": 0
  },
  {
    "id": "24cf5719-5f77-4921-b7e6-7c0b192449aa",
    "data": [
      {
        "text": "opción ",
        "userDefined": false
      },
      {
        "text": "c",
        "alias": "respuesta36",
        "meta": "@sys.any",
        "userDefined": true
      }
    ],
    "isTemplate": false,
    "count": 0,
    "updated": 0
  },
  {
    "id": "744b65cb-2d62-4984-99f0-581a765b2f2f",
    "data": [
      {
        "text": "c",
        "alias": "respuesta36",
        "meta": "@sys.any",
        "userDefined": true
      }
    ],
    "isTemplate": false,
    "count": 0,
    "updated": 0
  },
  {
    "id": "7e2045fd-9d69-46f3-961b-3ade6461ccde",
    "data": [
      {
        "text": "inciso ",
        "userDefined": false
      },
      {
        "text": "b",
        "alias": "respuesta36",
        "meta": "@sys.any",
        "userDefined": true
      }
    ],
    "isTemplate": false,
    "count": 0,
    "updated": 0
  },
  {
    "id": "2b6c204c-5fbc-4c31-a144-980ce5ee5ff1",
    "data": [
      {
        "text": "opción ",
        "userDefined": false
      },
      {
        "text": "b",
        "alias": "respuesta36",
        "meta": "@sys.any",
        "userDefined": true
      }
    ],
    "isTemplate": false,
    "count": 0,
    "updated": 0
  },
  {
    "id": "429796ab-14b5-4797-b1e8-e6d40f63403c",
    "data": [
      {
        "text": "b",
        "alias": "respuesta36",
        "meta": "@sys.any",
        "userDefined": true
      }
    ],
    "isTemplate": false,
    "count": 0,
    "updated": 0
  },
  {
    "id": "bef2bdf9-22f5-49ff-bd99-a5089aeaa877",
    "data": [
      {
        "text": "inciso ",
        "userDefined": false
      },
      {
        "text": "a",
        "alias": "respuesta36",
        "meta": "@sys.any",
        "userDefined": true
      }
    ],
    "isTemplate": false,
    "count": 0,
    "updated": 0
  },
  {
    "id": "8d092f60-5457-47cc-bcbd-d8342519357e",
    "data": [
      {
        "text": "opción ",
        "userDefined": false
      },
      {
        "text": "a",
        "alias": "respuesta36",
        "meta": "@sys.any",
        "userDefined": true
      }
    ],
    "isTemplate": false,
    "count": 0,
    "updated": 0
  },
  {
    "id": "69f6df5d-4255-4985-b2fb-709f832504df",
    "data": [
      {
        "text": "a",
        "alias": "respuesta36",
        "meta": "@sys.any",
        "userDefined": true
      }
    ],
    "isTemplate": false,
    "count": 0,
    "updated": 0
  }
]