[
  {
    "id": "2315007b-e346-4f84-bdc8-5b08919d98af",
    "data": [
      {
        "text": "inciso ",
        "userDefined": false
      },
      {
        "text": "c",
        "alias": "respuesta28",
        "meta": "@sys.any",
        "userDefined": true
      }
    ],
    "isTemplate": false,
    "count": 0,
    "updated": 0
  },
  {
    "id": "c3cec5f8-327b-4b13-8e41-e54098449244",
    "data": [
      {
        "text": "opción ",
        "userDefined": false
      },
      {
        "text": "c",
        "alias": "respuesta28",
        "meta": "@sys.any",
        "userDefined": true
      }
    ],
    "isTemplate": false,
    "count": 0,
    "updated": 0
  },
  {
    "id": "2d2e96a2-8584-40ae-8f25-ed24e58a5dfe",
    "data": [
      {
        "text": "c",
        "alias": "respuesta28",
        "meta": "@sys.any",
        "userDefined": true
      }
    ],
    "isTemplate": false,
    "count": 0,
    "updated": 0
  },
  {
    "id": "88d3a814-f854-45d9-b662-2d7e51a4ae5f",
    "data": [
      {
        "text": "inciso ",
        "userDefined": false
      },
      {
        "text": "b",
        "alias": "respuesta28",
        "meta": "@sys.any",
        "userDefined": true
      }
    ],
    "isTemplate": false,
    "count": 0,
    "updated": 0
  },
  {
    "id": "d404cbd0-a6a7-4e3a-a388-c41103935de8",
    "data": [
      {
        "text": "opción ",
        "userDefined": false
      },
      {
        "text": "b",
        "alias": "respuesta28",
        "meta": "@sys.any",
        "userDefined": true
      }
    ],
    "isTemplate": false,
    "count": 0,
    "updated": 0
  },
  {
    "id": "ee9a3dd2-e274-41be-b397-e9f3c82af808",
    "data": [
      {
        "text": "b",
        "alias": "respuesta28",
        "meta": "@sys.any",
        "userDefined": true
      }
    ],
    "isTemplate": false,
    "count": 0,
    "updated": 0
  },
  {
    "id": "0dd184c8-0c15-4b21-8daf-8dcd535def32",
    "data": [
      {
        "text": "inciso ",
        "userDefined": false
      },
      {
        "text": "a",
        "alias": "respuesta28",
        "meta": "@sys.any",
        "userDefined": true
      }
    ],
    "isTemplate": false,
    "count": 0,
    "updated": 0
  },
  {
    "id": "d609d21c-0c11-44e1-bc6e-09a81b916e32",
    "data": [
      {
        "text": "opción ",
        "userDefined": false
      },
      {
        "text": "a",
        "alias": "respuesta28",
        "meta": "@sys.any",
        "userDefined": true
      }
    ],
    "isTemplate": false,
    "count": 0,
    "updated": 0
  },
  {
    "id": "e7555bce-3a33-4aa9-a4e9-4ea8f0cf1a8d",
    "data": [
      {
        "text": "a",
        "alias": "respuesta28",
        "meta": "@sys.any",
        "userDefined": true
      }
    ],
    "isTemplate": false,
    "count": 0,
    "updated": 0
  }
]