[
  {
    "id": "5fc3bf5a-f9a4-4e11-8ab5-8518159fed33",
    "data": [
      {
        "text": "inciso ",
        "userDefined": false
      },
      {
        "text": "c",
        "alias": "respuesta2",
        "meta": "@sys.any",
        "userDefined": true
      }
    ],
    "isTemplate": false,
    "count": 0,
    "updated": 0
  },
  {
    "id": "06a3ea2c-357e-4ceb-ab39-aee4186bc70f",
    "data": [
      {
        "text": "opción ",
        "userDefined": false
      },
      {
        "text": "c",
        "alias": "respuesta2",
        "meta": "@sys.any",
        "userDefined": true
      }
    ],
    "isTemplate": false,
    "count": 0,
    "updated": 0
  },
  {
    "id": "bc32e595-4c27-4642-ad2b-e4343da89d0e",
    "data": [
      {
        "text": "c",
        "alias": "respuesta2",
        "meta": "@sys.any",
        "userDefined": true
      }
    ],
    "isTemplate": false,
    "count": 0,
    "updated": 0
  },
  {
    "id": "7e88188b-d7ad-48de-923e-45bb20140664",
    "data": [
      {
        "text": "inciso ",
        "userDefined": false
      },
      {
        "text": "b",
        "alias": "respuesta2",
        "meta": "@sys.any",
        "userDefined": true
      }
    ],
    "isTemplate": false,
    "count": 0,
    "updated": 0
  },
  {
    "id": "d10a31a6-35c3-40f4-8e97-4ce8d168e7ea",
    "data": [
      {
        "text": "opción ",
        "userDefined": false
      },
      {
        "text": "b",
        "alias": "respuesta2",
        "meta": "@sys.any",
        "userDefined": true
      }
    ],
    "isTemplate": false,
    "count": 0,
    "updated": 0
  },
  {
    "id": "80e39d5a-e649-4256-985e-50b237c0cfa0",
    "data": [
      {
        "text": "b",
        "alias": "respuesta2",
        "meta": "@sys.any",
        "userDefined": true
      }
    ],
    "isTemplate": false,
    "count": 0,
    "updated": 0
  },
  {
    "id": "ddf0a105-93fd-44e4-9198-5e340f8b70b5",
    "data": [
      {
        "text": "inciso ",
        "userDefined": false
      },
      {
        "text": "a",
        "alias": "respuesta2",
        "meta": "@sys.any",
        "userDefined": true
      }
    ],
    "isTemplate": false,
    "count": 0,
    "updated": 0
  },
  {
    "id": "8d62d654-a751-43a3-a80b-6f2335b89683",
    "data": [
      {
        "text": "opción ",
        "userDefined": false
      },
      {
        "text": "a",
        "alias": "respuesta2",
        "meta": "@sys.any",
        "userDefined": true
      }
    ],
    "isTemplate": false,
    "count": 0,
    "updated": 0
  },
  {
    "id": "ecadfda2-be7c-4303-a849-9e05dfd8e730",
    "data": [
      {
        "text": "a",
        "alias": "respuesta2",
        "meta": "@sys.any",
        "userDefined": true
      }
    ],
    "isTemplate": false,
    "count": 0,
    "updated": 0
  }
]