[
  {
    "id": "1fecea93-391a-4158-8067-55117d028971",
    "data": [
      {
        "text": "hagamoslo",
        "userDefined": false
      }
    ],
    "isTemplate": false,
    "count": 0,
    "updated": 0
  },
  {
    "id": "a86f16b7-e252-496c-b861-45c6b660f3dc",
    "data": [
      {
        "text": "estoy listo",
        "userDefined": false
      }
    ],
    "isTemplate": false,
    "count": 0,
    "updated": 0
  },
  {
    "id": "502d536a-92e4-4142-a69b-bb5e68b90bed",
    "data": [
      {
        "text": "listo",
        "userDefined": false
      }
    ],
    "isTemplate": false,
    "count": 0,
    "updated": 0
  },
  {
    "id": "e703028d-3311-473e-b90e-c5a26bf362d4",
    "data": [
      {
        "text": "sí",
        "userDefined": false
      }
    ],
    "isTemplate": false,
    "count": 0,
    "updated": 0
  },
  {
    "id": "04f9b544-94a8-4266-be91-7bcc25211c8b",
    "data": [
      {
        "text": "por supuesto",
        "userDefined": false
      }
    ],
    "isTemplate": false,
    "count": 0,
    "updated": 0
  },
  {
    "id": "94525683-9a09-45c8-8913-f3a43e035a37",
    "data": [
      {
        "text": "de acuerdo",
        "userDefined": false
      }
    ],
    "isTemplate": false,
    "count": 0,
    "updated": 0
  },
  {
    "id": "6b0d679f-8314-4a53-8218-ed05569d499c",
    "data": [
      {
        "text": "buena idea",
        "userDefined": false
      }
    ],
    "isTemplate": false,
    "count": 0,
    "updated": 0
  },
  {
    "id": "670ce1ca-1109-402b-9888-fb371d2d0688",
    "data": [
      {
        "text": "adelante",
        "userDefined": false
      }
    ],
    "isTemplate": false,
    "count": 0,
    "updated": 0
  },
  {
    "id": "2c82a138-42c1-4508-a53c-14fd64f7893a",
    "data": [
      {
        "text": "correcto",
        "userDefined": false
      }
    ],
    "isTemplate": false,
    "count": 0,
    "updated": 0
  },
  {
    "id": "3906f1a3-6a93-43a6-9567-7555ce6bbf29",
    "data": [
      {
        "text": "claro que sí",
        "userDefined": false
      }
    ],
    "isTemplate": false,
    "count": 0,
    "updated": 0
  },
  {
    "id": "6426d16d-24a0-48b6-a17f-e313e2b8426f",
    "data": [
      {
        "text": "eso mismo",
        "userDefined": false
      }
    ],
    "isTemplate": false,
    "count": 0,
    "updated": 0
  }
]