[
  {
    "id": "7be48269-e4f6-4c99-a704-49852191d199",
    "data": [
      {
        "text": "inciso ",
        "userDefined": false
      },
      {
        "text": "c",
        "alias": "respuesta4",
        "meta": "@sys.any",
        "userDefined": true
      }
    ],
    "isTemplate": false,
    "count": 0,
    "updated": 0
  },
  {
    "id": "7cd61c9e-979e-4834-8351-75a1e7b68266",
    "data": [
      {
        "text": "opción ",
        "userDefined": false
      },
      {
        "text": "c",
        "alias": "respuesta4",
        "meta": "@sys.any",
        "userDefined": true
      }
    ],
    "isTemplate": false,
    "count": 0,
    "updated": 0
  },
  {
    "id": "aa1c11cc-29d0-4661-a4f0-caa97fcda583",
    "data": [
      {
        "text": "c",
        "alias": "respuesta4",
        "meta": "@sys.any",
        "userDefined": true
      }
    ],
    "isTemplate": false,
    "count": 0,
    "updated": 0
  },
  {
    "id": "ba00a3f9-3bd3-49c6-9211-01f3d1d9e1a2",
    "data": [
      {
        "text": "inciso ",
        "userDefined": false
      },
      {
        "text": "b",
        "alias": "respuesta4",
        "meta": "@sys.any",
        "userDefined": true
      }
    ],
    "isTemplate": false,
    "count": 0,
    "updated": 0
  },
  {
    "id": "b2cf6e94-da2f-443e-88a2-fa3f2d57bd84",
    "data": [
      {
        "text": "opción ",
        "userDefined": false
      },
      {
        "text": "b",
        "alias": "respuesta4",
        "meta": "@sys.any",
        "userDefined": true
      }
    ],
    "isTemplate": false,
    "count": 0,
    "updated": 0
  },
  {
    "id": "54516c14-3c89-49c6-a1c3-9596f3c8bf23",
    "data": [
      {
        "text": "b",
        "alias": "respuesta4",
        "meta": "@sys.any",
        "userDefined": true
      }
    ],
    "isTemplate": false,
    "count": 0,
    "updated": 0
  },
  {
    "id": "05c055f5-2c80-4abe-9e31-50d632cc6ca4",
    "data": [
      {
        "text": "inciso ",
        "userDefined": false
      },
      {
        "text": "a",
        "alias": "respuesta4",
        "meta": "@sys.any",
        "userDefined": true
      }
    ],
    "isTemplate": false,
    "count": 0,
    "updated": 0
  },
  {
    "id": "ecaefad5-0eac-4902-92b5-72de2bd3fe74",
    "data": [
      {
        "text": "opción ",
        "userDefined": false
      },
      {
        "text": "a",
        "alias": "respuesta4",
        "meta": "@sys.any",
        "userDefined": true
      }
    ],
    "isTemplate": false,
    "count": 0,
    "updated": 0
  },
  {
    "id": "9493dad4-2ad4-4d41-9158-9667ab8e8b92",
    "data": [
      {
        "text": "a",
        "alias": "respuesta4",
        "meta": "@sys.any",
        "userDefined": true
      }
    ],
    "isTemplate": false,
    "count": 0,
    "updated": 0
  }
]