[
  {
    "id": "1de36977-c434-4ccf-8ab6-3478be0b1957",
    "data": [
      {
        "text": "inciso ",
        "userDefined": false
      },
      {
        "text": "c",
        "alias": "respuesta21",
        "meta": "@sys.any",
        "userDefined": true
      }
    ],
    "isTemplate": false,
    "count": 0,
    "updated": 0
  },
  {
    "id": "8077ca67-22e5-41ee-b731-3fa9c3e09af2",
    "data": [
      {
        "text": "opción ",
        "userDefined": false
      },
      {
        "text": "c",
        "alias": "respuesta21",
        "meta": "@sys.any",
        "userDefined": true
      }
    ],
    "isTemplate": false,
    "count": 0,
    "updated": 0
  },
  {
    "id": "cce23515-83e6-46cf-93aa-090e1a2abd75",
    "data": [
      {
        "text": "c",
        "alias": "respuesta21",
        "meta": "@sys.any",
        "userDefined": true
      }
    ],
    "isTemplate": false,
    "count": 0,
    "updated": 0
  },
  {
    "id": "f41bf19b-eca4-4175-ab6a-aac65850e48d",
    "data": [
      {
        "text": "inciso ",
        "userDefined": false
      },
      {
        "text": "b",
        "alias": "respuesta21",
        "meta": "@sys.any",
        "userDefined": true
      }
    ],
    "isTemplate": false,
    "count": 0,
    "updated": 0
  },
  {
    "id": "baa4dc0b-95f9-45e1-b6e9-a249718a1a3f",
    "data": [
      {
        "text": "opción ",
        "userDefined": false
      },
      {
        "text": "b",
        "alias": "respuesta21",
        "meta": "@sys.any",
        "userDefined": true
      }
    ],
    "isTemplate": false,
    "count": 0,
    "updated": 0
  },
  {
    "id": "9433ecca-d320-4830-8e42-53aeb25f7a34",
    "data": [
      {
        "text": "b",
        "alias": "respuesta21",
        "meta": "@sys.any",
        "userDefined": true
      }
    ],
    "isTemplate": false,
    "count": 0,
    "updated": 0
  },
  {
    "id": "42b2c874-e70e-4b01-925d-61d471ff7be8",
    "data": [
      {
        "text": "inciso ",
        "userDefined": false
      },
      {
        "text": "a",
        "alias": "respuesta21",
        "meta": "@sys.any",
        "userDefined": true
      }
    ],
    "isTemplate": false,
    "count": 0,
    "updated": 0
  },
  {
    "id": "f67ecce0-2f28-4054-8646-1aa6f41a4492",
    "data": [
      {
        "text": "opción ",
        "userDefined": false
      },
      {
        "text": "a",
        "alias": "respuesta21",
        "meta": "@sys.any",
        "userDefined": true
      }
    ],
    "isTemplate": false,
    "count": 0,
    "updated": 0
  },
  {
    "id": "db4e1d90-749e-4c7d-8add-1f0d5b5f6bfe",
    "data": [
      {
        "text": "a",
        "alias": "respuesta21",
        "meta": "@sys.any",
        "userDefined": true
      }
    ],
    "isTemplate": false,
    "count": 0,
    "updated": 0
  }
]