[
  {
    "id": "d2260feb-d453-4011-acd0-adbe7f085622",
    "data": [
      {
        "text": "Mujer",
        "alias": "sexo",
        "meta": "@sys.any",
        "userDefined": true
      }
    ],
    "isTemplate": false,
    "count": 0,
    "updated": 0
  },
  {
    "id": "07f72403-71b1-410c-b686-32be3e718b10",
    "data": [
      {
        "text": "Hombre",
        "alias": "sexo",
        "meta": "@sys.any",
        "userDefined": true
      }
    ],
    "isTemplate": false,
    "count": 0,
    "updated": 0
  },
  {
    "id": "2b7c2456-f13c-4f07-b858-23f9a56a14a2",
    "data": [
      {
        "text": "Femenino",
        "alias": "sexo",
        "meta": "@sys.any",
        "userDefined": true
      }
    ],
    "isTemplate": false,
    "count": 0,
    "updated": 0
  },
  {
    "id": "1c4a1214-7639-4720-96d2-5415a381343c",
    "data": [
      {
        "text": "Masculino",
        "alias": "sexo",
        "meta": "@sys.any",
        "userDefined": true
      }
    ],
    "isTemplate": false,
    "count": 0,
    "updated": 0
  },
  {
    "id": "de3b42f3-268b-4796-b5a0-064ba295b8a5",
    "data": [
      {
        "text": "F",
        "alias": "sexo",
        "meta": "@sys.any",
        "userDefined": true
      }
    ],
    "isTemplate": false,
    "count": 0,
    "updated": 0
  },
  {
    "id": "597cb6a6-51ee-409a-a66b-fc7593eba147",
    "data": [
      {
        "text": "M",
        "alias": "sexo",
        "meta": "@sys.any",
        "userDefined": true
      }
    ],
    "isTemplate": false,
    "count": 0,
    "updated": 0
  }
]