[
  {
    "id": "ece94dfd-65d4-4087-aa3a-0fc85f5ab79b",
    "data": [
      {
        "text": "usuarioprueba",
        "alias": "usuario",
        "meta": "@sys.any",
        "userDefined": true
      }
    ],
    "isTemplate": false,
    "count": 0,
    "updated": 0
  },
  {
    "id": "63cdba38-fba6-4221-87fe-d48bf01df85b",
    "data": [
      {
        "text": "quiero de user ",
        "userDefined": false
      },
      {
        "text": "usuario4",
        "alias": "usuario",
        "meta": "@sys.any",
        "userDefined": true
      }
    ],
    "isTemplate": false,
    "count": 0,
    "updated": 0
  },
  {
    "id": "a9601701-6e52-4c2c-8292-079bd25f1a7e",
    "data": [
      {
        "text": "Mi username es ",
        "userDefined": false
      },
      {
        "text": "usuario3",
        "alias": "usuario",
        "meta": "@sys.any",
        "userDefined": true
      }
    ],
    "isTemplate": false,
    "count": 0,
    "updated": 0
  },
  {
    "id": "7cab0552-3418-4b95-901c-303821afb797",
    "data": [
      {
        "text": "usuario2",
        "alias": "usuario",
        "meta": "@sys.any",
        "userDefined": true
      }
    ],
    "isTemplate": false,
    "count": 0,
    "updated": 0
  },
  {
    "id": "07db3123-d298-4309-b48b-e8cc09f58235",
    "data": [
      {
        "text": "Mi usuario es ",
        "userDefined": false
      },
      {
        "text": "usuario1",
        "alias": "usuario",
        "meta": "@sys.any",
        "userDefined": true
      }
    ],
    "isTemplate": false,
    "count": 0,
    "updated": 0
  }
]